{"cameraMode":{"drawMode":0,"name":"Shaded","section":"Shading Mode"},"sceneLighting":false,"audioPlay":false,"sceneViewState":{"showFog":false,"showMaterialUpdate":false,"showSkybox":false,"showFlares":false,"showImageEffects":false,"showParticleSystems":false,"showVisualEffectGraphs":false,"m_FxEnabled":false},"in2DMode":false,"pivot":{"x":-0.26198041439056399,"y":0.10484375059604645,"z":0.5055685043334961},"rotation":{"x":-0.05214783549308777,"y":-0.021511312574148179,"z":-0.00134566321503371,"w":0.9984786510467529},"size":2.3487565517425539,"orthographic":false}